"varName","true_value"
"alpha[1]",2.43331008334947
"alpha[2]",-0.0487057509189091
"alpha[3]",-0.27119928771082
"alpha[4]",0.833470479166402
"beta[1]",0.389726643725274
"beta[2]",-1.06929679314721
"beta[3]",-1.16186269906835
"beta[4]",-0.957539783984007
"beta[5]",0.74086970144693
"beta[6]",-1.19619888468854
