"varName","true_value"
"alpha",-0.920813127398602
"beta[1]",1.01376741831306
"beta[2]",0.00661624307525277
"sigma",2
