"varName","true_value"
"mu",-0.620951293104425
"alpha0",0.644242350830592
"alpha[1]",0.511510778919963
"alpha[2]",0.188489221080037
