"varName","true_value"
"alpha",0.970441423227396
"beta[1]",-0.161471743253383
"beta[2]",-0.123247647957523
"sigma",2
