"varName","true_value"
"alpha",1.68660477326998
"beta[1]",-0.589477692022728
"beta[2]",2.18364431514627
"beta[3]",-0.783172439501722
"beta[4]",-3.78893149320413
"beta[5]",0.117040670801172
"sigma",4
"nu",5
