"varName","true_value"
"beta[1]",2.96651193317495
"beta[2]",-2.72369423005682
"beta[3]",4.20911078786569
"beta[4]",-3.20793109875431
"beta[5]",-10.7223287330103
"c[1]",-12.2788462748878
"c[2]",-4.51495852426266
